{"cameraMode":{"drawMode":0,"name":"Shaded","section":"Shading Mode"},"sceneLighting":false,"audioPlay":false,"sceneViewState":{"m_AlwaysRefresh":false,"showFog":true,"showSkybox":false,"showFlares":true,"showImageEffects":true,"showParticleSystems":true,"showVisualEffectGraphs":true,"m_FxEnabled":true},"in2DMode":false,"pivot":{"x":0.738166093826294,"y":0.8229619860649109,"z":0.5367836952209473},"rotation":{"x":-0.06370095163583756,"y":0.2223358154296875,"z":0.014560826122760773,"w":0.9727895855903626},"size":1.592329740524292,"orthographic":false}