{"cameraMode":{"drawMode":0,"name":"Shaded","section":"Shading Mode"},"sceneLighting":false,"audioPlay":false,"sceneViewState":{"m_AlwaysRefresh":false,"showFog":true,"showSkybox":false,"showFlares":true,"showImageEffects":true,"showParticleSystems":true,"showVisualEffectGraphs":true,"m_FxEnabled":true},"in2DMode":false,"pivot":{"x":-0.07336395978927612,"y":-0.30729973316192629,"z":-0.35790061950683596},"rotation":{"x":-0.09374547749757767,"y":-0.7376620173454285,"z":0.10471341013908386,"w":-0.6604034304618836},"size":1.12846040725708,"orthographic":false}