{"cameraMode":{"drawMode":0,"name":"Shaded","section":"Shading Mode"},"sceneLighting":false,"audioPlay":false,"sceneViewState":{"m_AlwaysRefresh":false,"showFog":true,"showSkybox":false,"showFlares":true,"showImageEffects":true,"showParticleSystems":true,"showVisualEffectGraphs":true,"m_FxEnabled":true},"in2DMode":false,"pivot":{"x":0.9501621723175049,"y":0.28475674986839297,"z":1.8206534385681153},"rotation":{"x":0.17835333943367005,"y":-0.5748578906059265,"z":0.1301306039094925,"w":0.7879290580749512},"size":1.4926049709320069,"orthographic":false}