{"cameraMode":{"drawMode":0,"name":"Shaded","section":"Shading Mode"},"sceneLighting":false,"audioPlay":false,"sceneViewState":{"m_AlwaysRefresh":false,"showFog":true,"showSkybox":false,"showFlares":true,"showImageEffects":true,"showParticleSystems":true,"showVisualEffectGraphs":true,"m_FxEnabled":true},"in2DMode":false,"pivot":{"x":0.06558826565742493,"y":1.0280721187591553,"z":-0.5739870071411133},"rotation":{"x":0.3256723880767822,"y":0.04507257044315338,"z":-0.015544752590358258,"w":0.9442946314811707},"size":1.857436180114746,"orthographic":false}